INSERT INTO Patient_Details (First_Name, Last_Name, Height_in_metres, Weight_in_kilograms, DOB, Patient_Contact_ID)
VALUES
('Frank', 		'Jobs', 			1.52,	77.1,	'1975-03-01', 1),
('Joshua', 		'Hooland', 			1.57, 	63.5, 	'1988-09-01', 2),
('Jackie', 		'Lake', 			1.49, 	54.4, 	'1997-06-03', 3),
('Amy',			'Hunter', 			1.54, 	81.6, 	'2001-07-16', 4),
('Linda', 		'Kilbride', 		1.66, 	63.5, 	'1969-12-27', 5),
('Peter', 		'Parker',			1.81, 	90.7, 	'1960-04-30', 6),
('Zachery', 	'Donovan', 			1.82, 	81.6, 	'1997-12-01', 7),
('Lucy', 		'Champs', 			1.52, 	104.3, 	'1987-03-28', 8),
('Bernie', 		'Walters', 			1.85, 	99.8, 	'1979-01-12', 9),
('Walter', 		'White', 			1.49, 	55, 	'1969-06-14', 10), 
('Jesse', 		'Pinkman', 			1.7, 	90.7, 	'1990-01-30', 11),
('Gus', 		'Fring', 			1.55,	85.5, 	'1975-04-17', 2),
('Saul', 		'Goodman',			1.82, 	91.3, 	'1980-12-13', 13),
('Hank', 		'Schrader', 		1.77, 	108.8, 	'1980-07-28', 14),
('Skyler', 		'White', 			1.7, 	80.8, 	'1979-08-24', 15),
('Mike', 		'Ehrmantraut',		1.7, 	69.9, 	'1965-02-16', 16),
('Walter_jr',	'White', 			NULL, 	NULL, 	'2010-06-30', 17),
('Jane', 		'Margolis', 		1.74, 	67.7, 	'1990-05-18', 18),
('Todd', 		'Alquist',			1.67, 	63.5, 	'1999-09-05', 19),
('Tuco', 		'Salamanca', 		1.82, 	77, 	'1976-06-09', 20),
('Marie',		'Schrader', 		1.6, 	53.3, 	'1984-04-11', 21),
('Ted', 		'Beneke', 			1.71, 	65.1, 	'1982-11-30', 22),
('Huell', 		'Babineaux', 		1.8, 	105.6, 	'1985-02-19', 23),
('Steven', 		'Gomez', 			1.77, 	71.9, 	'1980-11-24', 24),
('Marco', 		'Salamanca', 		1.69, 	67.8, 	'2000-03-13', 25),
('Holly', 		'White', 			NULL, 	NULL, 	'2023-05-10', 26),
('Terry', 		'Jones', 			1.71, 	68.3, 	'1942-02-01', 27),
('Eric', 		'Idle', 			1.78, 	71.1, 	'1943-03-29', 28),
('Graham', 		'Chapman', 			1.75, 	69.3, 	'1941-01-08', 29),
('Terry', 		'Gilliam', 			1.73, 	70.1, 	'1940-11-22', 30),
('John', 		'Cleese', 			1.69, 	70.7, 	'1939-10-27', 31),
('Michael',		'Palin', 			1.72, 	80.2, 	'1943-05-05', 32),
('Kate', 		'Foster', 			1.68, 	65.2, 	'1988-05-06', 33),
('Nathan', 		'Foster', 			1.73, 	70.5, 	'1987-11-07', 34),
('Iyla', 		'Foster', 			1.71, 	65.7, 	'1954-10-12', 35),
('Nathan_Jr', 	'Foster',			NULL, 	NULL,	'2018-01-12', 36),
('Charlie', 	'Foster', 			NULL, 	NULL, 	'2023-04-23', 37),
('Ella', 		'Foster', 			NULL, 	NULL, 	'2023-04-23', 38),
('Anne', 		'Carlson',			1.65, 	55.6, 	'1986-09-16', 39),
('Alice',		'Carlson',			NULL,	NULL,	'2018-07-29',	40),
('Lionel',		'Carlson',			1.67,	64.9,	'1985-11-26',	41),
('Jayme',		'Carlson',			NULL,	NULL,	'2022-09-18',	42),
('Jane',		'Carlson',			1.65,	65.7,	'1956-02-19',	43),
('Valarie',		'Szalinksky',		1.72,	66.3,	'1979-07-17',	44),
('Jacob',		'Szalinksky',		NULL,	NULL,	'2010-12-25',	45),
('Joseph',		'Szalinksky',		NULL,	NULL,	'2011-10-27',	46),
('Rick',		'Sanchez',			1.71,	63.9,	'1954-02-02',	47),
('Summer',		'Smith',			NULL,	NULL,	'2012-11-29',	48),
('Beth',		'Smith',			1.66,	62.9,	'1985-10-07',	49),
('Jerry',		'Smith',			1.69,	63.2,	'1983-12-17',	50),
('Morty_Jr',	'Smith',			NULL,	NULL,	'2016-01-01',	51),
('Leonard',		'Smith',			1.81,	74.5,	'1952-01-07',	52),
('Bird',		'Man',				1.85,	75.4,	'1942-06-21',	53),
('Frank',		'Palicky', 			1.79,	73.4,	'1976-09-28',	54),
('Scroopy',		'Noopers',			1.8,	73.2,	'1991-09-15',	55),
('Tammy',		'Gueterman',		1.78,	72.1,	'1999-11-15',	56),
('Xenon',		'Bloom',			1.78,	71.2,	'1966-01-31',	57),
('King_Flippy',	'Nips',				1.75,	69.6,	'1934-07-15',	58),
('Glexo', 		'Slimslom',			1.78,	72.6,	'2002-09-08',	59),
('Vance',		'Maximus',			1.76,	73.2,	'1999-01-04',	60),
('Krombopulos',	'Michael',			1.79,	71.9,	'1980-11-17',	61),
('Shrimply',	'Pibbles',			1.75,	75.6,	'1982-10-27',	62),
('Pat',			'Gueterman',		1.76,	72.7,	'2001-06-22',	63)
;

INSERT INTO Patient_Contact (Patient_Details_ID, Email, Home_Phone, Mobile, Patient_Address_ID)
VALUES
(1,	'frankjob200@hotmail.co.uk',			01132501200,	07932980176,	1),
(2,	'joshhoo@gmail.com',					01138675678,	07923789457,	2),
(3,	'jellylake@gmail.com',					01137653478,	07956837541,	3),
(4,	'huntingamy@hotmail.co.uk',				01136873456,	07528957913,	4),
(5,	'lkilbride123@btinternet.com',			01137893654,	07194859275,	5),
(6,	'peterparker@hotmail.co.uk',			01136745123,	07321432546,	6),
(7,	'zachtech@gmail.com',					01133291084,	07108989675,	7),
(8,	'lchampion20203@gmail.com',				01136765556,	07776789878,	8),
(9,	'bwalters1999@hotmail.com',				01131234512,	07665577886,	9),
(10,'heisenberginc@gmail.com',				01136765845,	07990088976,	10),
(11,'jessepinkmaninc@gmail.com',			NULL,			07776565321,	11),
(12,'lospolloshermanos@btinternet.com',		01133243456,	07989898765,	12),
(13,'bettercaulsaul@yahoo.com',				01139896746,	07123454321,	13),
(14,'dea.hank.albuquerque@gov.com',			01135691049,	NULL,			14),
(15,'carwashempire@yahoo.com',				01136765845,	07755442233,	15),
(16,NULL,									NULL,			07529878967,	16),
(17,NULL,									01136765845,	07556677445,	17),
(18,'partygirl@yahoo.com',					NULL,			07123187678,	18),
(19,'toddyal@yahoo.com',					NULL,			07500001325,	19),
(20,'tucoforever@btinternet.com',			NULL,			07009890897,	20),
(21,'deawifeyjane@gov.com',					01135691049,	07110066845,	21),
(22,'bestlawyer4u@yahoo.com',				NULL,			07500870089,	22),
(23,'bodyguardhuell@gmail.com',				01133008000,	07400578498,	23),
(24,'dea.steven.albuquerque@gov.com',		01136009000,	07811220979,	24),
(25,'marcomexicolove@gmail.com',			NULL,			+447980487679,	25),
(26,'carwashempire@yahoo.com',				01136765845,	NULL,			26),
(27,'mr.creosote@yahoo.com',				01135897487, 	NULL,			27),
(28,'arthurnudge@hotmail.com',				01135909876,	NULL,			28),
(29,'briancohen@hotmail.com',				01134562000,	NULL,			29),
(30,'nudeorganisthire@yahoo.com',			0113707698,		NULL,			30),
(31,'mrpraline@btinternet.co.uk',			01133006000,	NULL,			31),
(32,'iamlumberjack@gmail.com',				01134089008,	NULL,			32),
(33,'katefosterdesigns@hotmail.com',		NULL,			07989895678,	33),
(34,'nfoster@gmail.com',					NULL,			07366588670,	34),
(35,'granniefoster@hotmail.com',			NULL,			07989895678,	35),
(36,'katefosterdesigns@hotmail.co.uk',		NULL,			07366588670,	36),
(37,NULL,									NULL,			07989895678,	37),
(38,NULL,									NULL,			07989895678,	38),
(39,'acarlsonhealth@gmail.com',				01135889000,	07989895678,	39),
(40,'acarlsonhealth@gmail.com',				01135889000,	07561094976,	40),
(41,'kinglionel@gmail.com',					01135889000,	07561094976,	41),
(42,NULL,									01135889000,	07561094940,	42),
(43,'granniecarlson@hotmail.com',			01133900989,	NULL,			43),
(44,'momzclub@yahoo.com',					01135007000,	+447840989163,	44),
(45,NULL,									NULL,			+447840989163,	45),
(46,NULL,									NULL,			+447840989163,	46),
(47,NULL,									NULL,			07854466243,	47),
(48,'summerrockz@yahoo.com',				011376480091,	07800500300,	48),
(49,'bsmithy@yahoo.com',					011376480091,	07800500300,	49),
(50,'jerrystrong@yahoo.com',				011376480091,	07800500300,	50),
(51,'ogmorty@yahoo.com',					011376480091,	07800500300,	51),
(52,'lsmith@yahoo.com',						011376480091,	07800500300,	52),
(53,'justflying@gmail.com',					NULL,			077117098437,	53),
(54,'palickylife@btinternet.co.uk',			NULL,			07600935576,	54),
(55,'scroopnoop@live.co.uk',				01135089785,	NULL,			55),
(56,'tammyhonestly@gmail.com',				NULL,			07792760471,	56),
(57,'xenonok@gmail.com',					NULL,			07799812654,	57),
(58,'kflippy@yahoo.com',					01136092760,	NULL, 			58),
(59,'slimsom@btinternet.co.uk',				01134006540,	07222367654,	59),
(60,'vmaxlife@icloud.co.uk',				01134006991,	07762299974,	60),
(61,'krombopulos@live.co.uk',				NULL,			07882544676,	61),
(62,'pshrimply@yahoo.com',					01133009800,	NULL,			62),
(63,'pgueterman@gmail.com',					01134987601,	07989980178,	63)
;

INSERT INTO Patient_Address (Address_Line_1, County, City, Postcode, Patient_Contact_ID)
VALUES
('4 milwalk place',		'Morley',	'Leeds',	'LS270QY',	1),
('7 Victoria Road',		'Morley',	'Leeds',	'LS273JO',	2),
('22 Rein Road',		'Morley',	'Leeds',	'LS27OPQ',	3),
('14 Westerton Road',	'Morley',	'Leeds',	'LS279JP',	4),
('79 Dewsbury Road',	'Morley',	'Leeds',	'LS27Y0P',	5),
('53 Norway Close',		'Morley',	'Leeds',	'LS278GB',	6),
('36 Waterloo Road',	'Morley',	'Leeds',	'LS27D7G',	7),
('1 Mayfair Way',		'Morley',	'Leeds',	'LS276TV',	8),
('52 Magpie Line',		'Morley',	'Leeds',	'LS277BZ',	9),
('17 westleigh drive',	'Morley',	'Leeds',	'LS276WP',	10),
('5 Baghill Road',		'Morley',	'Leeds',	'LS27TUP',	11),
('19 Maidens Way',		'Morley',	'Leeds',	'LS279IV',	12),
('12 Linfoot Drive',	'Morley',	'Leeds',	'LS270GO',	13),
('1 Riverside View',	'Morley',	'Leeds',	'LS276TT',	14),
('17 Westleigh drive',	'Morley',	'Leeds',	'LS276WP',	15),
('4 Runners Way',		'Morley',	'Leeds',	'LS276MR',	16),
('17 westleigh drive',	'Morley',	'Leeds',	'LS276WP',	17),
('13 Natures Way',		'Morley',	'Leeds',	'LS276TC',	18),
('91 Conners Walk',		'Morley',	'Leeds',	'LS270NZ',	19),
('The Nook',			'Morley',	'Leeds',	'LS278QA',	20),
('1 Riverside View', 	'Morley',	'Leeds',	'LS276TT',	21),
('464 Walkers Road',	'Morley',	'Leeds',	'LS278YA',	22),
('62 Ridings Road', 	'Morley',	'Leeds',	'LS270DV',	23),
('474 Walkers Road',	'Morley',	'Leeds',	'LS279FX',	24),
('The Nook',			'Morley',	'Leeds',	'LS278QA',	25),
('17 westleigh drive',	'Morley',	'Leeds',	'LS276WP',	26),
('32 Laymans Walk',		'Morley',	'Leeds',	'LS278AQ',	27),
('61 Harrop Avenue',	'Morley',	'Leeds',	'LS276DN',	28),
('12 Askey Avenue',		'Morley',	'Leeds',	'LS275YP',	29),
('28 Shire Road',		'Morley',	'Leeds',	'LS276AM',	30),
('1 The Gallops', 		'Morley',	'Leeds',	'LS273WB',	31),
('867 Britannia Road',	'Morley',	'Leeds',	'LS270XX',	32),
('84 Sycomore Grove',	'Morley',	'Leeds',	'LS27 4TB',	33),
('84 Sycomore Grove',	'Morley',	'Leeds',	'LS274TB',	34),
('84 Sycomore Grove',	'Morley',	'Leeds',	'LS274TB',	35),
('84 Sycomore Grove',	'Morley',	'Leeds',	'LS274TB',	36),
('84 Sycomore Grove',	'Morley',	'Leeds',	'LS274TB',	37),
('84 Sycomore Grove',	'Morley',	'Leeds',	'LS274TB',	38),
('7 Chase avenue',		'Morley',	'Leeds',	'LS278QN',	39),
('7 Chase avenue',		'Morley',	'Leeds',	'LS278QN',	40),
('7 Chase avenue',		'Morley',	'Leeds',	'LS278QN',	41),
('7 Chase avenue',		'Morley',	'Leeds',	'LS278QN',	42),
('7 Chase avenue',		'Morley',	'Leeds',	'LS278QN',	43),
('18 Marchant Way',		'Morley',	'Leeds',	'LS272AL',	44),
('18 Marchant Way',		'Morley',	'Leeds',	'LS272AL',	45),
('18 Marchant Way',		'Morley',	'Leeds',	'LS272AL',	46),
('4 Cosmos Drive',		'Morley',	'Leeds',	'LS278UG',	47),
('4 Cosmos Drive',		'Morley',	'Leeds',	'LS278UG',	48),
('4 Cosmos Drive',		'Morley',	'Leeds',	'LS278UG',	49),
('4 Cosmos Drive',		'Morley',	'Leeds',	'LS278UG',	50),
('4 Cosmos Drive',		'Morley',	'Leeds',	'LS278UG',	51),
('4 Cosmos Drive',		'Morley',	'Leeds',	'LS278UG',	52),
('42 Poplar Crescent',	'Morley',	'Leeds',	'LS27TUP', 	53),
('12 Woodkirk Grove',	'Morley',	'Leeds',	'LS270GC',	54),
('17 Turnberry Gardens','Morley',	'Leeds',	'LS270SA',	55),
('29 Syke Avenue',		'Morley',	'Leeds',	'LS279SN',	56),
('62 St Marys Close',	'Morley',	'Leeds',	'LS279VT',	57),
('6 Meadows Way',		'Morley',	'Leeds',	'LS276FG',	58),
('65 Ryedale Way',		'Morley',	'Leeds',	'LS270CM',	59),
('8 Lonsdale Drive',	'Morley',	'Leeds',	'LS276JA',	60),
('17 Broadcroft Drive',	'Morley',	'Leeds',	'LS278DJ',	61),
('22 Constable Road',	'Morley',	'Leeds',	'LS276DH',	62),
('17 Balmoral Crescent','Morley',	'Leeds',	'LS273DP',	63)
;

INSERT INTO Prescription_Orders (Patient_Details_ID, Item_Name, Item_Amount, Repeat_Prescription, Dispense_Date)
VALUES
(3,		'Mini_Pill',	'1M',	'Y',	'2023-05-11'),
(4,		'Omeprazol',	'1M',	'N',	'2023-05-11'),
(7,		'Omeprazol',	'1M',	'Y',	'2023-05-12'),
(10,	'Amlodipine',	'2W',	'N',	'2023-05-12'),
(13,	'Metformin',	'1M',	'Y',	'2023-05-12'),
(19,	'Albuterol',	'2W',	'Y',	'2023-05-13'),
(20,	'Lisinopril',	'2W',	'N',	'2023-05-14'),
(25,	'Metformin',	'1M',	'Y',	'2023-05-15'),
(30,	'Lisinopril',	'1M',	'N',	'2023-05-15'),
(31,	'Omeprazol',	'1M',	'N',	'2023-05-16'),
(33,	'Mini_Pill',	'1M',	'Y',	'2023-05-16'),
(39,	'Mini_Pill',	'1M',	'Y',	'2023-05-16'),
(44,	'Mini_Pill',	'1M',	'Y',	'2023-05-17'),
(47,	'Hydrocodone',	'1M',	'Y',	'2023-05-18'),
(57,	'Simvastatin',	'1M',	'Y',	'2023-05-18')
;

INSERT INTO Repeat_Prescriptions (Prescription_Orders_ID, Last_Dispensed, Next_Dispense_Due, Review_Date)
VALUES
(1,		'2023-05-11',	'2023-06-11',	'2024-06-11'),
(3,		'2023-05-12',	'2023-06-12',	'2023-08-12'),
(5,		'2023-05-12',	'2023-06-12',	'2023-08-12'),
(6,		'2023-05-13',	'2023-05-26',	'2023-06-09'),
(8,		'2023-05-15',	'2023-06-15',	'2023-08-15'),
(11,	'2023-05-16',	'2023-06-16',	'2024-05-16'),
(12,	'2023-05-16',	'2023-06-16',	'2024-05-16'),
(13,	'2023-05-17',	'2023-06-17',	'2024-05-17'),
(14,	'2023-05-18',	'2023-05-18',	'2023-08-18'),
(15,	'2023-05-18',	'2023-05-18',	'2023-08-18')
;

INSERT INTO Vaccinations (Patient_Details_ID, Vaccination_Name, Vaccination_Date, Vaccine_Administered)
VALUES
(17,	'6_In_1_Vaccine',		'2023-05-15',	'Y'),
(26,	'Rotavirus_Vaccine',	'2023-05-16',	'Y'),
(36,	'6_In_1_Vaccine',		'2023-05-17',	'N'),
(37,	'Rotavirus_Vaccine',	'2023-05-17',	'Y'),
(38,	'6_In_1_Vaccine',		'2023-05-17',	'Y'),
(45,	'6_In_1_Vaccine',		'2023-05-17',	'Y'),
(46,	'Hib_Menc Vaccine',		'2023-05-18',	'Y'),	
(48,	'MMR_Vaccine',			'2023-05-18',	'N'),
(51,	'MMR_Vaccine',			'2023-05-18',	'Y')
;

INSERT INTO Patient_Blood_Tests (Patient_Details_ID, Blood_Test_Needed, Blood_Test_Date, Bloods_Taken)
VALUES
(1,		'FBC',	'2023-05-08',	'Y'),
(4,		'TFT',	'2023-05-08',	'Y'),
(5,		'PSA',	'2023-05-09',	'Y'),	
(10,	'FBC',	'2023-05-09',	'Y'),
(23,	'INR',	'2023-05-09',	'Y'),		
(30,	'FBC',	'2023-05-10',	'Y'),
(31,	'TFT',	'2023-05-10',	'Y'),
(35,	'CRP',	'2023-05-11',	'Y'),
(56,	'TFT',	'2023-05-12',	'Y'),
(63,	'FBC',	'2023-05-12',	'Y')
;

INSERT INTO Blood_Test_Results (Patient_Blood_Tests_ID, Date_Expected, Date_Recieved, Patient_Follow_Up_Needed)
VALUES
(1,	'2023-05-15',	'2023-05-16',	'Y'),
(2,	'2023-05-15',	'2023-05-16',	'N'),
(3,	'2023-05-16',	'2023-05-16',	'N'),		
(4,	'2023-05-16',	'2023-05-16',	'Y'),	
(5,	'2023-05-16',	'2023-05-16',	'Y'),
(6,	'2023-05-17',	'2023-05-18',	'Y'),
(7,	'2023-05-17',	'2023-05-18',	'N'),	
(8,	'2023-05-18',	'2023-05-18',	'Y'),
(9,	'2023-05-19',	'2023-05-18',	'N'),		
(10,'2023-05-19',	'2023-05-18',	'N')
;

INSERT INTO Deceased (Patient_Details_ID, DOB, DOD, Cause, Removed_From_System)
VALUES
(12,	'1975-04-17',	'2023-05-15',	'Explosion',				'N'),
(14,	'1980-07-28',	'2023-05-17',	'Gun Shot',					'N'),
(24,	'1980-11-24',	'2023-05-17',	'Gun Shot',					'N'),			
(16,	'1965-02-16',	'2023-05-19',	'Gun Shot',					'N'),
(18,	'1990-05-18',	'2023-05-19',	'Drug_Overdose',			'N'),				
(27,	'1942-02-01',	'2023-05-20',	'Dementia_Complications',	'N'),
(29,	'1941-01-08',	'2023-05-20',	'Cancer',					'N'),
(53,	'1942-06-21',	'2023-05-20',	'Fall',						'N')
;